3444,INVOICE_SCANS_IEP,2015-12-11 19:19:51,00006E24.PDF
3445,INVOICE_SCANS_IEP,2015-12-11 19:19:55,00006E25.PDF
3446,INVOICE_SCANS_IEP,2015-12-11 19:19:59,00006E26.PDF
3447,INVOICE_SCANS_IEP,2015-12-11 19:20:02,00006E27.PDF
3448,INVOICE_SCANS_IEP,2015-12-11 19:20:07,00006E28.PDF
3456,INVOICE_SCANS_IEP,2015-12-11 19:20:44,00006E30.PDF
3457,INVOICE_SCANS_IEP,2015-12-11 19:20:48,00006E31.PDF
3458,INVOICE_SCANS_IEP,2015-12-11 19:20:51,00006E32.PDF
3459,INVOICE_SCANS_IEP,2015-12-11 19:20:55,00006E33.PDF
3460,INVOICE_SCANS_IEP,2015-12-11 19:20:58,00006E34.PDF
3461,INVOICE_SCANS_IEP,2015-12-11 19:21:02,00006E35.PDF
3462,INVOICE_SCANS_IEP,2015-12-11 19:21:06,00006E36.PDF
3463,INVOICE_SCANS_IEP,2015-12-11 19:21:09,00006E37.PDF
3464,INVOICE_SCANS_IEP,2015-12-11 19:21:13,00006E38.PDF
3465,INVOICE_SCANS_IEP,2015-12-11 19:21:17,00006E39.PDF
3466,INVOICE_SCANS_IEP,2015-12-11 19:21:21,00006E3A.PDF
3467,INVOICE_SCANS_IEP,2015-12-11 19:21:24,00006E3B.PDF
3468,INVOICE_SCANS_IEP,2015-12-11 19:21:28,00006E3C.PDF
3469,INVOICE_SCANS_IEP,2015-12-11 19:21:31,00006E3D.PDF
3470,INVOICE_SCANS_IEP,2015-12-11 19:21:35,00006E3E.PDF
3471,INVOICE_SCANS_IEP,2015-12-11 19:21:39,00006E3F.PDF
3472,INVOICE_SCANS_IEP,2015-12-11 19:21:43,00006E40.PDF
3473,INVOICE_SCANS_IEP,2015-12-11 19:21:47,00006E41.PDF
3474,INVOICE_SCANS_IEP,2015-12-11 19:21:51,00006E42.PDF
3475,INVOICE_SCANS_IEP,2015-12-11 19:21:54,00006E43.PDF
3476,INVOICE_SCANS_IEP,2015-12-11 19:21:58,00006E44.PDF
3477,INVOICE_SCANS_IEP,2015-12-11 19:22:02,00006E45.PDF
3478,INVOICE_SCANS_IEP,2015-12-11 19:22:05,00006E46.PDF
3479,INVOICE_SCANS_IEP,2015-12-11 19:22:09,00006E47.PDF
3480,INVOICE_SCANS_IEP,2015-12-11 19:22:13,00006E48.PDF
3481,INVOICE_SCANS_IEP,2015-12-11 19:22:17,00006E49.PDF
3482,INVOICE_SCANS_IEP,2015-12-11 19:22:20,00006E4A.PDF
3483,INVOICE_SCANS_IEP,2015-12-11 19:22:24,00006E4B.PDF
3484,INVOICE_SCANS_IEP,2015-12-11 19:22:28,00006E4C.PDF
3485,INVOICE_SCANS_IEP,2015-12-11 19:22:31,00006E4D.PDF
3486,INVOICE_SCANS_IEP,2015-12-11 19:22:35,00006E4E.PDF
3487,INVOICE_SCANS_IEP,2015-12-11 19:22:39,00006E4F.PDF
3488,INVOICE_SCANS_IEP,2015-12-11 19:22:42,00006E50.PDF
3489,INVOICE_SCANS_IEP,2015-12-11 19:22:47,00006E51.PDF
3490,INVOICE_SCANS_IEP,2015-12-11 19:22:50,00006E52.PDF
3577,INVOICE_SCANS_BEV,2015-12-11 19:28:22,00006D36.PDF
3578,INVOICE_SCANS_BEV,2015-12-11 19:28:26,00006D37.PDF
3582,INVOICE_SCANS_BEV,2015-12-11 19:28:41,00006D3B.PDF
3583,INVOICE_SCANS_BEV,2015-12-11 19:28:45,00006D3C.PDF
3584,INVOICE_SCANS_BEV,2015-12-11 19:28:49,00006D3D.PDF
3585,INVOICE_SCANS_BEV,2015-12-11 19:28:53,00006D3E.PDF
3587,INVOICE_SCANS_BEV,2015-12-11 19:29:01,00006D40.PDF
3588,INVOICE_SCANS_BEV,2015-12-11 19:29:05,00006D41.PDF
3589,INVOICE_SCANS_BEV,2015-12-11 19:29:10,00006D42.PDF
3590,INVOICE_SCANS_BEV,2015-12-11 19:29:13,00006D43.PDF
3594,INVOICE_SCANS_BEV,2015-12-11 19:29:29,00006D47.PDF
3595,INVOICE_SCANS_BEV,2015-12-11 19:29:32,00006D48.PDF
3596,INVOICE_SCANS_BEV,2015-12-11 19:29:36,00006D49.PDF
3597,INVOICE_SCANS_BEV,2015-12-11 19:29:41,00006D4A.PDF
3598,INVOICE_SCANS_BEV,2015-12-11 19:29:44,00006D4B.PDF
3599,INVOICE_SCANS_BEV,2015-12-11 19:29:48,00006D4C.PDF
3600,INVOICE_SCANS_BEV,2015-12-11 19:29:51,00006D4D.PDF
3601,INVOICE_SCANS_BEV,2015-12-11 19:29:55,00006D4E.PDF
3602,INVOICE_SCANS_BEV,2015-12-11 19:29:59,00006D4F.PDF
3603,INVOICE_SCANS_BEV,2015-12-11 19:30:02,00006D50.PDF
3604,INVOICE_SCANS_BEV,2015-12-11 19:30:07,00006D51.PDF
3605,INVOICE_SCANS_BEV,2015-12-11 19:30:11,00006D52.PDF
3606,INVOICE_SCANS_BEV,2015-12-11 19:30:15,00006D53.PDF
3607,INVOICE_SCANS_BEV,2015-12-11 19:30:19,00006D54.PDF
3608,INVOICE_SCANS_BEV,2015-12-11 19:30:22,00006D55.PDF
3609,INVOICE_SCANS_BEV,2015-12-11 19:30:26,00006D56.PDF
3610,INVOICE_SCANS_BEV,2015-12-11 19:30:30,00006D57.PDF
3611,INVOICE_SCANS_BEV,2015-12-11 19:30:34,00006D58.PDF
3612,INVOICE_SCANS_BEV,2015-12-11 19:30:40,00006D59.PDF
3613,INVOICE_SCANS_BEV,2015-12-11 19:30:46,00006D5A.PDF
3614,INVOICE_SCANS_BEV,2015-12-11 19:30:51,00006D5B.PDF
3615,INVOICE_SCANS_BEV,2015-12-11 19:30:55,00006D5C.PDF
3616,INVOICE_SCANS_BEV,2015-12-11 19:30:58,00006D5D.PDF
3617,INVOICE_SCANS_BEV,2015-12-11 19:31:02,00006D5E.PDF
3618,INVOICE_SCANS_BEV,2015-12-11 19:31:06,00006D5F.PDF
3619,INVOICE_SCANS_BEV,2015-12-11 19:31:10,00006D60.PDF
3620,INVOICE_SCANS_BEV,2015-12-11 19:31:14,00006D61.PDF
3621,INVOICE_SCANS_BEV,2015-12-11 19:31:18,00006D62.PDF
3622,INVOICE_SCANS_BEV,2015-12-11 19:31:21,00006D63.PDF
3623,INVOICE_SCANS_BEV,2015-12-11 19:31:25,00006D64.PDF
3625,INVOICE_SCANS_BEV,2015-12-11 19:31:33,00006D66.PDF
3626,INVOICE_SCANS_BEV,2015-12-11 19:31:37,00006D67.PDF
3628,INVOICE_SCANS_BEV,2015-12-11 19:31:44,00006D69.PDF
3629,INVOICE_SCANS_BEV,2015-12-11 19:31:48,00006D6A.PDF
3630,INVOICE_SCANS_BEV,2015-12-11 19:31:51,00006D6B.PDF
3631,INVOICE_SCANS_BEV,2015-12-11 19:31:55,00006D6C.PDF
3632,INVOICE_SCANS_BEV,2015-12-11 19:31:58,00006D6D.PDF
3634,INVOICE_SCANS_BEV,2015-12-11 19:32:07,00006D6F.PDF
3635,INVOICE_SCANS_BEV,2015-12-11 19:32:11,00006D70.PDF
3636,INVOICE_SCANS_BEV,2015-12-11 19:32:14,00006D71.PDF
3637,INVOICE_SCANS_BEV,2015-12-11 19:32:18,00006D72.PDF
3638,INVOICE_SCANS_BEV,2015-12-11 19:32:21,00006D73.PDF
3816,INVOICE_SCANS_IEP,2015-12-11 20:20:22,00006E23.PDF
